,date,value
0,2020-01-08,2.0833550348653418e-05
1,2020-01-09,2.125022578280955e-05
2,2020-01-10,2.1111333952106293e-05
3,2020-01-11,2.1203928503910063e-05
4,2020-01-12,2.1296523063929484e-05
5,2020-01-13,2.138911763283069e-05
6,2020-01-14,2.125022578280955e-05
7,2020-01-15,2.125022578280955e-05
8,2020-01-16,2.138911763283069e-05
9,2020-01-17,2.138911763283069e-05
10,2020-01-18,2.1342820347269864e-05
11,2020-01-19,2.1296523063929484e-05
12,2020-01-20,2.125022578280955e-05
13,2020-01-21,2.1111333952106293e-05
14,2020-01-22,2.1111333952106293e-05
15,2020-01-23,2.1528009501947665e-05
16,2020-01-24,2.138911763283069e-05
17,2020-01-25,2.1342820347269864e-05
18,2020-01-26,2.1296523063929484e-05
19,2020-01-27,2.125022578280955e-05
20,2020-01-28,2.125022578280955e-05
21,2020-01-29,2.1111333952106293e-05
22,2020-01-30,2.208357717203846e-05
23,2020-01-31,2.1666901390604565e-05
24,2020-02-01,2.1666901390604565e-05
25,2020-02-02,2.1666901390604565e-05
26,2020-02-03,2.1666901390604565e-05
27,2020-02-04,2.1528009501947665e-05
28,2020-02-05,2.1528009501947665e-05
29,2020-02-06,2.208357717203846e-05
30,2020-02-07,2.18057932983573e-05
31,2020-02-08,2.185209060523441e-05
32,2020-02-09,2.1898387914331963e-05
33,2020-02-10,2.1944685225427918e-05
34,2020-02-11,2.18057932983573e-05
35,2020-02-12,2.18057932983573e-05
36,2020-02-13,2.208357717203846e-05
37,2020-02-14,2.2222469137522793e-05
38,2020-02-15,2.2245617800509265e-05
39,2020-02-16,2.2268766463717782e-05
40,2020-02-17,2.2291915127814477e-05
41,2020-02-18,2.2361361122547052e-05
42,2020-02-19,2.2361361122547052e-05
43,2020-02-20,2.2361361122547052e-05
44,2020-02-21,2.2222469137522793e-05
45,2020-02-22,2.2222469137522793e-05
46,2020-02-23,2.2222469137522793e-05
47,2020-02-24,2.2222469137522793e-05
48,2020-02-25,2.208357717203846e-05
49,2020-02-26,2.208357717203846e-05
50,2020-02-27,2.1666901390604565e-05
51,2020-02-28,2.0139091677640053e-05
52,2020-02-29,1.9953902780089905e-05
53,2020-03-01,1.976871391695667e-05
54,2020-03-02,1.9583525088018305e-05
55,2020-03-03,1.541678550398551e-05
56,2020-03-04,1.3888985340049231e-05
57,2020-03-05,1.2777859413892756e-05
58,2020-03-06,1.0972282417309742e-05
59,2020-03-07,9.953753242086805e-06
60,2020-03-08,8.935225104034217e-06
61,2020-03-09,7.916698003596068e-06
62,2020-03-10,7.916698003596068e-06
63,2020-03-11,5.833350347206334e-06
64,2020-03-12,5.694460657901246e-06
65,2020-03-13,4.58334383690584e-06
66,2020-03-14,4.2129718376138214e-06
67,2020-03-15,3.842599975323324e-06
68,2020-03-16,3.4722282504784374e-06
69,2020-03-17,1.6666680555665891e-06
70,2020-03-18,5.555557098801955e-07
71,2020-03-19,5.555557098801955e-07
72,2020-03-20,5.555557098801955e-07
73,2020-03-21,4.16666753544348e-07
74,2020-03-22,2.777778163043365e-07
75,2020-03-23,1.3888889860425024e-07
76,2020-03-24,1.3888889860425024e-07
77,2020-03-25,0.0
78,2020-03-26,1.3888889860425024e-07
79,2020-03-27,1.3888889860425024e-07
80,2020-03-28,2.777778163043365e-07
81,2020-03-29,4.16666753544348e-07
82,2020-03-30,5.555557098801955e-07
83,2020-03-31,6.944446855339237e-07
84,2020-04-01,4.16666753544348e-07
85,2020-04-02,1.2500007813276426e-06
86,2020-04-03,1.2500007813276426e-06
87,2020-04-04,1.2500007813276426e-06
88,2020-04-05,1.2500007813276426e-06
89,2020-04-06,1.2500007813276426e-06
90,2020-04-07,1.3888898533487293e-06
91,2020-04-08,1.944446334833927e-06
92,2020-04-09,2.777781635820986e-06
93,2020-04-10,2.569447745459641e-06
94,2020-04-11,2.5000031249611254e-06
95,2020-04-12,2.430558509347591e-06
96,2020-04-13,2.3611138986190383e-06
97,2020-04-14,2.3611138986190383e-06
98,2020-04-15,1.944446334833927e-06
99,2020-04-16,1.944446334833927e-06
100,2020-04-17,1.6666680555665891e-06
101,2020-04-18,1.5740753129822593e-06
102,2020-04-19,1.4814825788356245e-06
103,2020-04-20,1.3888898533487293e-06
104,2020-04-21,1.111111728402392e-06
105,2020-04-22,1.2500007813276426e-06
106,2020-04-23,1.2500007813276426e-06
107,2020-04-24,1.3888898533487293e-06
108,2020-04-25,1.3425934939359507e-06
109,2020-04-26,1.2962971365215736e-06
110,2020-04-27,1.2500007813276426e-06
111,2020-04-28,1.111111728402392e-06
112,2020-04-29,1.3888898533487293e-06
113,2020-04-30,1.3888898533487293e-06
114,2020-05-01,1.3888898533487293e-06
115,2020-05-02,1.3888898533487293e-06
116,2020-05-03,1.3888898533487293e-06
117,2020-05-04,1.3888898533487293e-06
118,2020-05-05,1.2500007813276426e-06
119,2020-05-06,1.111111728402392e-06
120,2020-05-07,1.3888898533487293e-06
121,2020-05-08,1.3888898533487293e-06
122,2020-05-09,1.3425934939359507e-06
123,2020-05-10,1.2962971365215736e-06
124,2020-05-11,1.2500007813276426e-06
125,2020-05-12,1.3888898533487293e-06
126,2020-05-13,1.3888898533487293e-06
127,2020-05-14,1.2500007813276426e-06
128,2020-05-15,1.2500007813276426e-06
129,2020-05-16,1.2962971365215736e-06
130,2020-05-17,1.3425934939359507e-06
131,2020-05-18,1.3888898533487293e-06
132,2020-05-19,1.2500007813276426e-06
133,2020-05-20,1.111111728402392e-06
134,2020-05-21,1.2500007813276426e-06
135,2020-05-22,1.2500007813276426e-06
136,2020-05-23,1.2731489587025635e-06
137,2020-05-24,1.2962971365215736e-06
138,2020-05-25,1.3194453150067176e-06
139,2020-05-26,1.3888898533487293e-06
140,2020-05-27,1.5277789449097412e-06
141,2020-05-28,1.944446334833927e-06
142,2020-05-29,1.8055571855413177e-06
143,2020-05-30,1.7592608068106586e-06
144,2020-05-31,1.7129644300784008e-06
145,2020-06-01,1.6666680555665891e-06
146,2020-06-02,1.6666680555665891e-06
147,2020-06-03,1.6666680555665891e-06
148,2020-06-04,1.8055571855413177e-06
149,2020-06-05,1.8055571855413177e-06
150,2020-06-06,1.8981499496639742e-06
151,2020-06-07,1.9907427222243257e-06
152,2020-06-08,2.0833355034444168e-06
153,2020-06-09,1.944446334833927e-06
154,2020-06-10,1.8055571855413177e-06
155,2020-06-11,1.944446334833927e-06
156,2020-06-12,1.944446334833927e-06
157,2020-06-13,1.9907427222243257e-06
158,2020-06-14,2.0370391118351705e-06
159,2020-06-15,2.0833355034444168e-06
160,2020-06-16,1.944446334833927e-06
161,2020-06-17,1.8055571855413177e-06
162,2020-06-18,1.8055571855413177e-06
163,2020-06-19,1.8055571855413177e-06
164,2020-06-20,1.851853566492423e-06
165,2020-06-21,1.8981499496639742e-06
166,2020-06-22,1.944446334833927e-06
167,2020-06-23,1.6666680555665891e-06
168,2020-06-24,1.5277789449097412e-06
169,2020-06-25,1.8055571855413177e-06
170,2020-06-26,1.6666680555665891e-06
171,2020-06-27,1.6203716832752235e-06
172,2020-06-28,1.5740753129822593e-06
173,2020-06-29,1.5277789449097412e-06
174,2020-06-30,1.8055571855413177e-06
175,2020-07-01,1.6666680555665891e-06
176,2020-07-02,1.8055571855413177e-06
177,2020-07-03,1.7361126181114628e-06
178,2020-07-04,1.7129644300784008e-06
179,2020-07-05,1.689816242489428e-06
180,2020-07-06,1.6666680555665891e-06
181,2020-07-07,1.6666680555665891e-06
182,2020-07-08,1.5277789449097412e-06
183,2020-07-09,1.5277789449097412e-06
184,2020-07-10,1.3888898533487293e-06
185,2020-07-11,1.4351862149819539e-06
186,2020-07-12,1.4814825788356245e-06
187,2020-07-13,1.5277789449097412e-06
188,2020-07-14,1.5277789449097412e-06
189,2020-07-15,1.6666680555665891e-06
190,2020-07-16,1.6666680555665891e-06
191,2020-07-17,1.5277789449097412e-06
192,2020-07-18,1.5277789449097412e-06
193,2020-07-19,1.5277789449097412e-06
194,2020-07-20,1.5277789449097412e-06
195,2020-07-21,1.2500007813276426e-06
196,2020-07-22,1.2500007813276426e-06
197,2020-07-23,1.2500007813276426e-06
198,2020-07-24,1.3888898533487293e-06
199,2020-07-25,1.3888898533487293e-06
200,2020-07-26,1.3888898533487293e-06
201,2020-07-27,1.3888898533487293e-06
202,2020-07-28,1.2500007813276426e-06
203,2020-07-29,1.2500007813276426e-06
204,2020-07-30,1.3888898533487293e-06
205,2020-07-31,1.2500007813276426e-06
206,2020-08-01,1.2500007813276426e-06
207,2020-08-02,1.2500007813276426e-06
208,2020-08-03,1.2500007813276426e-06
209,2020-08-04,1.2500007813276426e-06
210,2020-08-05,1.111111728402392e-06
211,2020-08-06,9.722226947950219e-07
212,2020-08-07,1.111111728402392e-06
213,2020-08-08,1.1574080771570294e-06
214,2020-08-09,1.203704428132113e-06
215,2020-08-10,1.2500007813276426e-06
216,2020-08-11,1.111111728402392e-06
217,2020-08-12,1.111111728402392e-06
218,2020-08-13,1.111111728402392e-06
219,2020-08-14,1.2500007813276426e-06
220,2020-08-15,1.2500007813276426e-06
221,2020-08-16,1.2500007813276426e-06
222,2020-08-17,1.2500007813276426e-06
223,2020-08-18,1.111111728402392e-06
224,2020-08-19,9.722226947950219e-07
225,2020-08-20,1.111111728402392e-06
226,2020-08-21,9.722226947950219e-07
227,2020-08-22,1.0648153816461559e-06
228,2020-08-23,1.1574080771570294e-06
229,2020-08-24,1.2500007813276426e-06
230,2020-08-25,1.111111728402392e-06
231,2020-08-26,1.111111728402392e-06
232,2020-08-27,1.2500007813276426e-06
233,2020-08-28,1.2500007813276426e-06
234,2020-08-29,1.203704428132113e-06
235,2020-08-30,1.1574080771570294e-06
236,2020-08-31,1.111111728402392e-06
237,2020-09-01,1.2500007813276426e-06
238,2020-09-02,1.3888898533487293e-06
239,2020-09-03,1.3888898533487293e-06
240,2020-09-04,1.2500007813276426e-06
241,2020-09-05,1.2731489587025635e-06
242,2020-09-06,1.2962971365215736e-06
243,2020-09-07,1.3194453150067176e-06
244,2020-09-08,1.3888898533487293e-06
245,2020-09-09,1.3888898533487293e-06
246,2020-09-10,1.3888898533487293e-06
247,2020-09-11,1.3888898533487293e-06
248,2020-09-12,1.3888898533487293e-06
249,2020-09-13,1.3888898533487293e-06
250,2020-09-14,1.3888898533487293e-06
251,2020-09-15,1.2500007813276426e-06
252,2020-09-16,1.111111728402392e-06
253,2020-09-17,1.2500007813276426e-06
254,2020-09-18,1.2500007813276426e-06
255,2020-09-19,1.2500007813276426e-06
256,2020-09-20,1.2500007813276426e-06
257,2020-09-21,1.2500007813276426e-06
258,2020-09-22,1.111111728402392e-06
259,2020-09-23,1.111111728402392e-06
260,2020-09-24,1.111111728402392e-06
261,2020-09-25,1.111111728402392e-06
262,2020-09-26,1.1574080771570294e-06
263,2020-09-27,1.203704428132113e-06
264,2020-09-28,1.2500007813276426e-06
265,2020-09-29,9.722226947950219e-07
266,2020-09-30,1.111111728402392e-06
267,2020-10-01,1.2500007813276426e-06
268,2020-10-02,1.3888898533487293e-06
269,2020-10-03,1.3425934939359507e-06
270,2020-10-04,1.2962971365215736e-06
271,2020-10-05,1.2500007813276426e-06
272,2020-10-06,1.111111728402392e-06
273,2020-10-07,1.111111728402392e-06
274,2020-10-08,1.2500007813276426e-06
275,2020-10-09,1.3888898533487293e-06
276,2020-10-10,1.365741673309273e-06
277,2020-10-11,1.3425934939359507e-06
278,2020-10-12,1.3194453150067176e-06
279,2020-10-13,1.2500007813276426e-06
280,2020-10-14,1.3888898533487293e-06
281,2020-10-15,1.3888898533487293e-06
282,2020-10-16,1.2500007813276426e-06
283,2020-10-17,1.2500007813276426e-06
284,2020-10-18,1.2500007813276426e-06
285,2020-10-19,1.2500007813276426e-06
286,2020-10-20,1.111111728402392e-06
287,2020-10-21,1.111111728402392e-06
288,2020-10-22,1.2500007813276426e-06
289,2020-10-23,1.111111728402392e-06
290,2020-10-24,1.111111728402392e-06
291,2020-10-25,1.111111728402392e-06
292,2020-10-26,1.111111728402392e-06
293,2020-10-27,1.111111728402392e-06
294,2020-10-28,9.722226947950219e-07
295,2020-10-29,1.111111728402392e-06
296,2020-10-30,1.111111728402392e-06
297,2020-10-31,1.1574080771570294e-06
298,2020-11-01,1.203704428132113e-06
299,2020-11-02,1.2500007813276426e-06
300,2020-11-03,1.2500007813276426e-06
301,2020-11-04,1.111111728402392e-06
302,2020-11-05,1.2500007813276426e-06
303,2020-11-06,1.3888898533487293e-06
304,2020-11-07,1.3888898533487293e-06
305,2020-11-08,1.3888898533487293e-06
306,2020-11-09,1.3888898533487293e-06
307,2020-11-10,1.2500007813276426e-06
308,2020-11-11,1.3194453150067176e-06
309,2020-11-12,1.3888898533487293e-06
310,2020-11-13,1.3888898533487293e-06
311,2020-11-14,1.3425934939359507e-06
312,2020-11-15,1.2962971365215736e-06
313,2020-11-16,1.2500007813276426e-06
314,2020-11-17,1.111111728402392e-06
315,2020-11-18,9.722226947950219e-07
316,2020-11-19,1.111111728402392e-06
317,2020-11-20,1.2500007813276426e-06
318,2020-11-21,1.203704428132113e-06
319,2020-11-22,1.1574080771570294e-06
320,2020-11-23,1.111111728402392e-06
321,2020-11-24,1.111111728402392e-06
322,2020-11-25,9.722226947950219e-07
323,2020-11-26,1.111111728402392e-06
324,2020-11-27,1.2500007813276426e-06
325,2020-11-28,1.203704428132113e-06
326,2020-11-29,1.1574080771570294e-06
327,2020-11-30,1.111111728402392e-06
328,2020-12-01,9.722226947950219e-07
329,2020-12-02,9.722226947950219e-07
330,2020-12-03,1.111111728402392e-06
331,2020-12-04,9.722226947950219e-07
332,2020-12-05,1.0648153816461559e-06
333,2020-12-06,1.1574080771570294e-06
334,2020-12-07,1.2500007813276426e-06
335,2020-12-08,1.111111728402392e-06
336,2020-12-09,9.722226947950219e-07
337,2020-12-10,9.722226947950219e-07
338,2020-12-11,1.111111728402392e-06
339,2020-12-12,1.0648153816461559e-06
340,2020-12-13,1.0185190371103658e-06
341,2020-12-14,9.722226947950219e-07
342,2020-12-15,9.722226947950219e-07
343,2020-12-16,1.111111728402392e-06
344,2020-12-17,1.111111728402392e-06
345,2020-12-18,1.111111728402392e-06
346,2020-12-19,1.111111728402392e-06
347,2020-12-20,1.111111728402392e-06
348,2020-12-21,1.111111728402392e-06
349,2020-12-22,9.722226947950219e-07
350,2020-12-23,9.722226947950219e-07
351,2020-12-24,1.2500007813276426e-06
352,2020-12-25,1.2500007813276426e-06
353,2020-12-26,1.2500007813276426e-06
354,2020-12-27,1.2500007813276426e-06
355,2020-12-28,1.2500007813276426e-06
356,2020-12-29,1.111111728402392e-06
357,2020-12-30,8.333336805055325e-07
358,2020-12-31,1.111111728402392e-06
359,2021-01-01,1.1805562523115043e-06
360,2021-01-02,1.203704428132113e-06
361,2021-01-03,1.2268526043968109e-06
362,2021-01-04,1.2500007813276426e-06
363,2021-01-05,1.111111728402392e-06
364,2021-01-06,1.2500007813276426e-06
365,2021-01-07,1.2500007813276426e-06
366,2021-01-08,1.111111728402392e-06
367,2021-01-09,1.1574080771570294e-06
368,2021-01-10,1.203704428132113e-06
369,2021-01-11,1.2500007813276426e-06
370,2021-01-12,1.2500007813276426e-06
371,2021-01-13,1.2500007813276426e-06
372,2021-01-14,1.2500007813276426e-06
373,2021-01-15,1.111111728402392e-06
374,2021-01-16,1.0879635548022293e-06
375,2021-01-17,1.0648153816461559e-06
376,2021-01-18,1.0416672091562162e-06
377,2021-01-19,9.722226947950219e-07
378,2021-01-20,1.111111728402392e-06
379,2021-01-21,9.722226947950219e-07
380,2021-01-22,9.722226947950219e-07
381,2021-01-23,9.722226947950219e-07
382,2021-01-24,9.722226947950219e-07
383,2021-01-25,9.722226947950219e-07
384,2021-01-26,6.944446855339237e-07
385,2021-01-27,6.944446855339237e-07
386,2021-01-28,6.944446855339237e-07
387,2021-01-29,9.722226947950219e-07
388,2021-01-30,9.25926354700124e-07
389,2021-01-31,8.796300166036275e-07
390,2021-02-01,8.333336805055325e-07
391,2021-02-02,5.555557098801955e-07
392,2021-02-03,4.16666753544348e-07
393,2021-02-04,4.16666753544348e-07
394,2021-02-05,2.777778163043365e-07
395,2021-02-06,3.7037043898457966e-07
396,2021-02-07,4.629630701025178e-07
397,2021-02-08,5.555557098801955e-07
398,2021-02-09,5.555557098801955e-07
399,2021-02-10,6.944446855339237e-07
400,2021-02-11,6.944446855339237e-07
401,2021-02-12,4.16666753544348e-07
402,2021-02-13,4.16666753544348e-07
403,2021-02-14,4.16666753544348e-07
404,2021-02-15,4.16666753544348e-07
405,2021-02-16,4.16666753544348e-07
406,2021-02-17,4.16666753544348e-07
407,2021-02-18,4.16666753544348e-07
408,2021-02-19,4.16666753544348e-07
409,2021-02-20,4.16666753544348e-07
410,2021-02-21,4.16666753544348e-07
411,2021-02-22,4.16666753544348e-07
412,2021-02-23,4.16666753544348e-07
413,2021-02-24,4.16666753544348e-07
414,2021-02-25,5.555557098801955e-07
415,2021-02-26,5.555557098801955e-07
416,2021-02-27,5.092593888811336e-07
417,2021-02-28,4.629630701025178e-07
418,2021-03-01,4.16666753544348e-07
419,2021-03-02,5.555557098801955e-07
420,2021-03-03,5.555557098801955e-07
421,2021-03-04,4.16666753544348e-07
422,2021-03-05,5.555557098801955e-07
423,2021-03-06,5.555557098801955e-07
424,2021-03-07,5.555557098801955e-07
425,2021-03-08,5.555557098801955e-07
426,2021-03-09,5.555557098801955e-07
427,2021-03-10,4.16666753544348e-07
428,2021-03-11,5.555557098801955e-07
429,2021-03-12,4.16666753544348e-07
430,2021-03-13,3.7037043898457966e-07
431,2021-03-14,3.2407412664525737e-07
432,2021-03-15,2.777778163043365e-07
433,2021-03-16,1.3888889860425024e-07
434,2021-03-17,1.3888889860425024e-07
435,2021-03-18,1.3888889860425024e-07
436,2021-03-19,1.3888889860425024e-07
437,2021-03-20,1.8518520228383295e-07
438,2021-03-21,2.314815081838617e-07
439,2021-03-22,2.777778163043365e-07
440,2021-03-23,2.777778163043365e-07
441,2021-03-24,2.777778163043365e-07
442,2021-03-25,2.777778163043365e-07
443,2021-03-26,2.777778163043365e-07
444,2021-03-27,2.777778163043365e-07
445,2021-03-28,2.777778163043365e-07
446,2021-03-29,2.777778163043365e-07
447,2021-03-30,1.3888889860425024e-07
448,2021-03-31,1.3888889860425024e-07
449,2021-04-01,2.777778163043365e-07
450,2021-04-02,2.777778163043365e-07
451,2021-04-03,3.2407412664525737e-07
452,2021-04-04,3.7037043898457966e-07
453,2021-04-05,4.16666753544348e-07
454,2021-04-06,2.777778163043365e-07
455,2021-04-07,1.3888889860425024e-07
456,2021-04-08,2.777778163043365e-07
457,2021-04-09,2.777778163043365e-07
458,2021-04-10,2.777778163043365e-07
459,2021-04-11,2.777778163043365e-07
460,2021-04-12,2.777778163043365e-07
461,2021-04-13,4.16666753544348e-07
462,2021-04-14,2.777778163043365e-07
463,2021-04-15,2.777778163043365e-07
464,2021-04-16,2.777778163043365e-07
465,2021-04-17,2.314815081838617e-07
466,2021-04-18,1.8518520228383295e-07
467,2021-04-19,1.3888889860425024e-07
468,2021-04-20,1.3888889860425024e-07
469,2021-04-21,0.0
470,2021-04-22,2.777778163043365e-07
471,2021-04-23,1.3888889860425024e-07
472,2021-04-24,1.8518520228383295e-07
473,2021-04-25,2.314815081838617e-07
474,2021-04-26,2.777778163043365e-07
475,2021-04-27,1.3888889860425024e-07
476,2021-04-28,1.3888889860425024e-07
477,2021-04-29,1.3888889860425024e-07
478,2021-04-30,1.3888889860425024e-07
479,2021-05-01,1.8518520228383295e-07
480,2021-05-02,2.314815081838617e-07
481,2021-05-03,2.777778163043365e-07
482,2021-05-04,1.3888889860425024e-07
483,2021-05-05,1.3888889860425024e-07
484,2021-05-06,1.3888889860425024e-07
485,2021-05-07,1.3888889860425024e-07
486,2021-05-08,1.8518520228383295e-07
487,2021-05-09,2.314815081838617e-07
488,2021-05-10,2.777778163043365e-07
489,2021-05-11,1.3888889860425024e-07
490,2021-05-12,1.3888889860425024e-07
491,2021-05-13,0.0
492,2021-05-14,1.3888889860425024e-07
493,2021-05-15,9.259259692306898e-08
494,2021-05-16,4.629629746233377e-08
495,2021-05-17,0.0
496,2021-05-18,0.0
497,2021-05-19,0.0
498,2021-05-20,1.3888889860425024e-07
499,2021-05-21,0.0
500,2021-05-22,4.629629746233377e-08
501,2021-05-23,9.259259692306898e-08
502,2021-05-24,1.3888889860425024e-07
503,2021-05-25,1.3888889860425024e-07
504,2021-05-26,0.0
505,2021-05-27,0.0
506,2021-05-28,1.3888889860425024e-07
507,2021-05-29,1.3888889860425024e-07
508,2021-05-30,1.3888889860425024e-07
509,2021-05-31,1.3888889860425024e-07
510,2021-06-01,1.3888889860425024e-07
511,2021-06-02,1.3888889860425024e-07
512,2021-06-03,0.0
513,2021-06-04,1.3888889860425024e-07
514,2021-06-05,1.3888889860425024e-07
515,2021-06-06,1.3888889860425024e-07
516,2021-06-07,1.3888889860425024e-07
517,2021-06-08,1.3888889860425024e-07
518,2021-06-09,1.3888889860425024e-07
519,2021-06-10,1.3888889860425024e-07
520,2021-06-11,1.3888889860425024e-07
521,2021-06-12,1.3888889860425024e-07
522,2021-06-13,1.3888889860425024e-07
523,2021-06-14,1.3888889860425024e-07
524,2021-06-15,2.777778163043365e-07
525,2021-06-16,5.555557098801955e-07
526,2021-06-17,6.944446855339237e-07
527,2021-06-18,6.944446855339237e-07
528,2021-06-19,6.481483580955683e-07
529,2021-06-20,6.018520328776589e-07
530,2021-06-21,5.555557098801955e-07
531,2021-06-22,5.555557098801955e-07
532,2021-06-23,5.555557098801955e-07
533,2021-06-24,6.944446855339237e-07
534,2021-06-25,6.944446855339237e-07
535,2021-06-26,6.481483580955683e-07
536,2021-06-27,6.018520328776589e-07
537,2021-06-28,5.555557098801955e-07
538,2021-06-29,5.555557098801955e-07
539,2021-06-30,6.944446855339237e-07
540,2021-07-01,6.944446855339237e-07
541,2021-07-02,6.944446855339237e-07
542,2021-07-03,6.944446855339237e-07
543,2021-07-04,6.944446855339237e-07
544,2021-07-05,6.944446855339237e-07
545,2021-07-06,6.944446855339237e-07
546,2021-07-07,6.944446855339237e-07
547,2021-07-08,8.333336805055325e-07
548,2021-07-09,8.333336805055325e-07
549,2021-07-10,7.870373468499281e-07
550,2021-07-11,7.407410151927252e-07
551,2021-07-12,6.944446855339237e-07
552,2021-07-13,6.944446855339237e-07
553,2021-07-14,8.333336805055325e-07
554,2021-07-15,6.944446855339237e-07
555,2021-07-16,6.944446855339237e-07
556,2021-07-17,6.944446855339237e-07
557,2021-07-18,6.944446855339237e-07
558,2021-07-19,6.944446855339237e-07
559,2021-07-20,6.944446855339237e-07
560,2021-07-21,5.555557098801955e-07
561,2021-07-22,5.555557098801955e-07
562,2021-07-23,6.944446855339237e-07
563,2021-07-24,6.944446855339237e-07
564,2021-07-25,6.944446855339237e-07
565,2021-07-26,6.944446855339237e-07
566,2021-07-27,5.555557098801955e-07
567,2021-07-28,5.555557098801955e-07
568,2021-07-29,6.944446855339237e-07
569,2021-07-30,6.944446855339237e-07
570,2021-07-31,6.944446855339237e-07
571,2021-08-01,6.944446855339237e-07
572,2021-08-02,6.944446855339237e-07
573,2021-08-03,6.944446855339237e-07
574,2021-08-04,6.944446855339237e-07
575,2021-08-05,6.944446855339237e-07
576,2021-08-06,5.555557098801955e-07
577,2021-08-07,5.555557098801955e-07
578,2021-08-08,5.555557098801955e-07
579,2021-08-09,5.555557098801955e-07
580,2021-08-10,6.944446855339237e-07
581,2021-08-11,6.944446855339237e-07
582,2021-08-12,6.944446855339237e-07
583,2021-08-13,5.555557098801955e-07
584,2021-08-14,5.555557098801955e-07
585,2021-08-15,5.555557098801955e-07
586,2021-08-16,5.555557098801955e-07
587,2021-08-17,4.16666753544348e-07
588,2021-08-18,4.16666753544348e-07
589,2021-08-19,5.555557098801955e-07
590,2021-08-20,5.555557098801955e-07
591,2021-08-21,5.555557098801955e-07
592,2021-08-22,5.555557098801955e-07
593,2021-08-23,5.555557098801955e-07
594,2021-08-24,4.16666753544348e-07
595,2021-08-25,5.555557098801955e-07
596,2021-08-26,5.555557098801955e-07
597,2021-08-27,5.555557098801955e-07
598,2021-08-28,5.555557098801955e-07
599,2021-08-29,5.555557098801955e-07
600,2021-08-30,5.555557098801955e-07
601,2021-08-31,4.16666753544348e-07
602,2021-09-01,5.555557098801955e-07
603,2021-09-02,6.944446855339237e-07
604,2021-09-03,5.555557098801955e-07
605,2021-09-04,5.555557098801955e-07
606,2021-09-05,5.555557098801955e-07
607,2021-09-06,5.555557098801955e-07
608,2021-09-07,5.555557098801955e-07
609,2021-09-08,6.944446855339237e-07
610,2021-09-09,9.722226947950219e-07
611,2021-09-10,8.333336805055325e-07
612,2021-09-11,8.333336805055325e-07
613,2021-09-12,8.333336805055325e-07
614,2021-09-13,8.333336805055325e-07
615,2021-09-14,6.944446855339237e-07
616,2021-09-15,5.555557098801955e-07
617,2021-09-16,8.333336805055325e-07
618,2021-09-17,8.333336805055325e-07
619,2021-09-18,8.333336805055325e-07
620,2021-09-19,8.333336805055325e-07
621,2021-09-20,8.333336805055325e-07
622,2021-09-21,6.944446855339237e-07
623,2021-09-22,5.555557098801955e-07
624,2021-09-23,6.944446855339237e-07
625,2021-09-24,8.333336805055325e-07
626,2021-09-25,8.333336805055325e-07
627,2021-09-26,8.333336805055325e-07
628,2021-09-27,8.333336805055325e-07
629,2021-09-28,9.722226947950219e-07
630,2021-09-29,6.944446855339237e-07
631,2021-09-30,9.722226947950219e-07
632,2021-10-01,1.111111728402392e-06
633,2021-10-02,1.1574080771570294e-06
634,2021-10-03,1.203704428132113e-06
635,2021-10-04,1.2500007813276426e-06
636,2021-10-05,1.3888898533487293e-06
637,2021-10-06,8.333336805055325e-07
638,2021-10-07,4.16666753544348e-07
639,2021-10-08,2.777778163043365e-07
640,2021-10-09,3.0092597125275233e-07
641,2021-10-10,3.2407412664525737e-07
642,2021-10-11,3.472222824818516e-07
643,2021-10-12,4.16666753544348e-07
644,2021-10-13,4.16666753544348e-07
645,2021-10-14,6.944446855339237e-07
646,2021-10-15,5.555557098801955e-07
647,2021-10-16,6.018520328776589e-07
648,2021-10-17,6.481483580955683e-07
649,2021-10-18,6.944446855339237e-07
650,2021-10-19,8.333336805055325e-07
651,2021-10-20,8.333336805055325e-07
652,2021-10-21,8.333336805055325e-07
653,2021-10-22,6.944446855339237e-07
654,2021-10-23,7.870373468499281e-07
655,2021-10-24,8.796300166036275e-07
656,2021-10-25,9.722226947950219e-07
657,2021-10-26,8.333336805055325e-07
658,2021-10-27,8.333336805055325e-07
659,2021-10-28,8.333336805055325e-07
660,2021-10-29,8.333336805055325e-07
661,2021-10-30,7.870373468499281e-07
662,2021-10-31,7.407410151927252e-07
663,2021-11-01,6.944446855339237e-07
664,2021-11-02,6.944446855339237e-07
665,2021-11-03,6.944446855339237e-07
666,2021-11-04,6.944446855339237e-07
667,2021-11-05,6.944446855339237e-07
668,2021-11-06,6.481483580955683e-07
669,2021-11-07,6.018520328776589e-07
670,2021-11-08,5.555557098801955e-07
671,2021-11-09,5.555557098801955e-07
672,2021-11-10,8.333336805055325e-07
673,2021-11-11,7.638891805772374e-07
674,2021-11-12,6.944446855339237e-07
675,2021-11-13,7.407410151927252e-07
676,2021-11-14,7.870373468499281e-07
677,2021-11-15,8.333336805055325e-07
678,2021-11-16,8.333336805055325e-07
679,2021-11-17,8.333336805055325e-07
680,2021-11-18,1.6666680555665891e-06
681,2021-11-19,1.5277789449097412e-06
682,2021-11-20,1.3425934939359507e-06
683,2021-11-21,1.1574080771570294e-06
684,2021-11-22,9.722226947950219e-07
685,2021-11-23,8.333336805055325e-07
686,2021-11-24,1.944446334833927e-06
687,2021-11-25,1.7361126181114628e-06
688,2021-11-26,1.5277789449097412e-06
689,2021-11-27,1.3425934939359507e-06
690,2021-11-28,1.1574080771570294e-06
691,2021-11-29,9.722226947950219e-07
692,2021-11-30,1.5277789449097412e-06
693,2021-12-01,1.2500007813276426e-06
694,2021-12-02,6.944446855339237e-07
695,2021-12-03,5.555557098801955e-07
696,2021-12-04,6.018520328776589e-07
697,2021-12-05,6.481483580955683e-07
698,2021-12-06,6.944446855339237e-07
699,2021-12-07,6.944446855339237e-07
700,2021-12-08,5.555557098801955e-07
701,2021-12-09,4.16666753544348e-07
702,2021-12-10,4.16666753544348e-07
703,2021-12-11,3.2407412664525737e-07
704,2021-12-12,2.314815081838617e-07
705,2021-12-13,1.3888889860425024e-07
706,2021-12-14,2.777778163043365e-07
707,2021-12-15,4.16666753544348e-07
708,2021-12-16,5.555557098801955e-07
709,2021-12-17,4.16666753544348e-07
710,2021-12-18,4.16666753544348e-07
711,2021-12-19,4.16666753544348e-07
712,2021-12-20,4.16666753544348e-07
713,2021-12-21,4.16666753544348e-07
714,2021-12-22,4.16666753544348e-07
715,2021-12-23,5.555557098801955e-07
716,2021-12-24,5.555557098801955e-07
717,2021-12-25,5.555557098801955e-07
718,2021-12-26,5.555557098801955e-07
719,2021-12-27,5.555557098801955e-07
720,2021-12-28,4.16666753544348e-07
721,2021-12-29,1.3888889860425024e-07
722,2021-12-30,8.333336805055325e-07
723,2021-12-31,8.333336805055325e-07
724,2022-01-01,7.870373468499281e-07
725,2022-01-02,7.407410151927252e-07
726,2022-01-03,6.944446855339237e-07
727,2022-01-04,8.333336805055325e-07
728,2022-01-05,6.944446855339237e-07
729,2022-01-06,5.555557098801955e-07
730,2022-01-07,6.944446855339237e-07
731,2022-01-08,6.944446855339237e-07
732,2022-01-09,6.944446855339237e-07
733,2022-01-10,6.944446855339237e-07
734,2022-01-11,5.555557098801955e-07
735,2022-01-12,5.555557098801955e-07
736,2022-01-13,6.944446855339237e-07
737,2022-01-14,6.944446855339237e-07
738,2022-01-15,6.944446855339237e-07
739,2022-01-16,6.944446855339237e-07
740,2022-01-17,6.944446855339237e-07
741,2022-01-18,6.944446855339237e-07
742,2022-01-19,6.944446855339237e-07
743,2022-01-20,6.944446855339237e-07
744,2022-01-21,6.944446855339237e-07
745,2022-01-22,6.944446855339237e-07
746,2022-01-23,6.944446855339237e-07
747,2022-01-24,6.944446855339237e-07
748,2022-01-25,6.944446855339237e-07
749,2022-01-26,8.333336805055325e-07
750,2022-01-27,5.555557098801955e-07
751,2022-01-28,5.555557098801955e-07
752,2022-01-29,5.092593888811336e-07
753,2022-01-30,4.629630701025178e-07
754,2022-01-31,4.16666753544348e-07
755,2022-02-01,5.555557098801955e-07
756,2022-02-02,5.555557098801955e-07
757,2022-02-03,4.16666753544348e-07
758,2022-02-04,6.944446855339237e-07
759,2022-02-05,6.018520328776589e-07
760,2022-02-06,5.092593888811336e-07
761,2022-02-07,4.16666753544348e-07
762,2022-02-08,4.16666753544348e-07
763,2022-02-09,5.555557098801955e-07
764,2022-02-10,6.944446855339237e-07
765,2022-02-11,4.16666753544348e-07
766,2022-02-12,4.16666753544348e-07
767,2022-02-13,4.16666753544348e-07
768,2022-02-14,4.16666753544348e-07
769,2022-02-15,2.777778163043365e-07
770,2022-02-16,4.16666753544348e-07
771,2022-02-17,8.333336805055325e-07
772,2022-02-18,4.16666753544348e-07
773,2022-02-19,4.16666753544348e-07
774,2022-02-20,4.16666753544348e-07
775,2022-02-21,4.16666753544348e-07
776,2022-02-22,4.16666753544348e-07
777,2022-02-23,2.777778163043365e-07
778,2022-02-24,6.944446855339237e-07
779,2022-02-25,4.16666753544348e-07
780,2022-02-26,5.555557098801955e-07
781,2022-02-27,6.944446855339237e-07
782,2022-02-28,8.333336805055325e-07
783,2022-03-01,1.5277789449097412e-06
784,2022-03-02,1.8055571855413177e-06
785,2022-03-03,2.6388923708431378e-06
786,2022-03-04,2.0833355034444168e-06
787,2022-03-05,2.1759282933242474e-06
788,2022-03-06,2.268521091641773e-06
789,2022-03-07,2.3611138986190383e-06
790,2022-03-08,2.2222246913727872e-06
791,2022-03-09,2.5000031249611254e-06
792,2022-03-10,2.6388923708431378e-06
793,2022-03-11,2.3611138986190383e-06
794,2022-03-12,2.6388923708431378e-06
795,2022-03-13,2.916670920116715e-06
796,2022-03-14,3.194449546661815e-06
797,2022-03-15,3.0555602237303248e-06
798,2022-03-16,3.333338888911186e-06
799,2022-03-17,2.777781635820986e-06
800,2022-03-18,2.6388923708431378e-06
801,2022-03-19,2.777781635820986e-06
802,2022-03-20,2.916670920116715e-06
803,2022-03-21,3.0555602237303248e-06
804,2022-03-22,2.777781635820986e-06
805,2022-03-23,2.0833355034444168e-06
806,2022-03-24,2.2222246913727872e-06
807,2022-03-25,2.3611138986190383e-06
808,2022-03-26,2.4537067140339985e-06
809,2022-03-27,2.5462995381086984e-06
810,2022-03-28,2.6388923708431378e-06
811,2022-03-29,2.5000031249611254e-06
812,2022-03-30,2.2222246913727872e-06
813,2022-03-31,2.3611138986190383e-06
814,2022-04-01,2.0833355034444168e-06
815,2022-04-02,2.2222246913727872e-06
816,2022-04-03,2.3611138986190383e-06
817,2022-04-04,2.5000031249611254e-06
818,2022-04-05,2.5000031249611254e-06
819,2022-04-06,2.916670920116715e-06
820,2022-04-07,2.916670920116715e-06
821,2022-04-08,2.777781635820986e-06
822,2022-04-09,2.8703744898717076e-06
823,2022-04-10,2.9629673525821687e-06
824,2022-04-11,3.0555602237303248e-06
825,2022-04-12,2.916670920116715e-06
826,2022-04-13,3.611117631141525e-06
827,2022-04-14,5.13890209297152e-06
828,2022-04-15,5.208346896656835e-06
829,2022-04-16,5.2314951657361775e-06
830,2022-04-17,5.254643435259609e-06
831,2022-04-18,5.277791705227131e-06
832,2022-04-19,5.13890209297152e-06
833,2022-04-20,4.861122926413941e-06
834,2022-04-21,6.944468557090744e-06
835,2022-04-22,6.388909297827539e-06
836,2022-04-23,6.111129783992197e-06
837,2022-04-24,5.833350347206334e-06
838,2022-04-25,5.555570987691993e-06
839,2022-04-26,5.277791705227131e-06
840,2022-04-27,5.13890209297152e-06
841,2022-04-28,5.13890209297152e-06
842,2022-04-29,5.13890209297152e-06
843,2022-04-30,5.32408824693853e-06
844,2022-05-01,5.509274435322453e-06
845,2022-05-02,5.694460657901246e-06
846,2022-05-03,6.666688888934402e-06
847,2022-05-04,6.805578713464655e-06
848,2022-05-05,6.805578713464655e-06
849,2022-05-06,6.666688888934402e-06
850,2022-05-07,6.805578713464655e-06
851,2022-05-08,6.944468557090744e-06
852,2022-05-09,7.083358420256758e-06
853,2022-05-10,7.916698003596068e-06
854,2022-05-11,8.194478019030171e-06
855,2022-05-12,8.472258111513753e-06
856,2022-05-13,9.305598852371588e-06
857,2022-05-14,9.166708680785618e-06
858,2022-05-15,9.027818528295484e-06
859,2022-05-16,8.88892839512323e-06
860,2022-05-17,8.472258111513753e-06
861,2022-05-18,7.777808024744814e-06
862,2022-05-19,9.027818528295484e-06
863,2022-05-20,8.750038281268857e-06
864,2022-05-21,8.379664738766834e-06
865,2022-05-22,8.009291333488378e-06
866,2022-05-23,7.638918065211442e-06
867,2022-05-24,7.638918065211442e-06
868,2022-05-25,8.055588001543157e-06
869,2022-05-26,9.86115973211632e-06
870,2022-05-27,9.583379253719215e-06
871,2022-05-28,9.675972737932526e-06
872,2022-05-29,9.76856623058353e-06
873,2022-05-30,9.86115973211632e-06
874,2022-05-31,1.0138940287562903e-05
875,2022-06-01,1.0694501630270636e-05
876,2022-06-02,1.1805625241390061e-05
877,2022-06-03,1.2083406337071168e-05
878,2022-06-04,1.2129703193863861e-05
879,2022-06-05,1.2176000052877e-05
880,2022-06-06,1.2222296913888542e-05
881,2022-06-07,1.2083406337071168e-05
882,2022-06-08,1.2361187510023797e-05
883,2022-06-09,1.4583439670756704e-05
884,2022-06-10,1.5277894483523013e-05
885,2022-06-11,1.541678550398551e-05
886,2022-06-12,1.5555676543765884e-05
887,2022-06-13,1.569456760286414e-05
888,2022-06-14,1.6527914362240992e-05
889,2022-06-15,1.6805696769761624e-05
890,2022-06-16,1.6527914362240992e-05
891,2022-06-17,1.597234977879225e-05
892,2022-06-18,1.5810310166841646e-05
893,2022-06-19,1.5648270581092305e-05
894,2022-06-20,1.5486231021544228e-05
895,2022-06-21,1.5000112500551666e-05
896,2022-06-22,1.3611203742769362e-05
897,2022-06-23,1.5555676543765884e-05
898,2022-06-24,1.6527914362240992e-05
899,2022-06-25,1.6389023187457497e-05
900,2022-06-26,1.6250132031991882e-05
901,2022-06-27,1.6111240895844148e-05
902,2022-06-28,1.5555676543765884e-05
903,2022-06-29,1.5555676543765884e-05
904,2022-06-30,1.7777935803486855e-05
905,2022-07-01,1.763904445506448e-05
906,2022-07-02,1.7777935803486855e-05
907,2022-07-03,1.7916827171005067e-05
908,2022-07-04,1.8055718558063205e-05
909,2022-07-05,1.8472392834700813e-05
910,2022-07-06,1.88890672849773e-05
911,2022-07-07,2.1528009501947665e-05
912,2022-07-08,2.18057932983573e-05
913,2022-07-09,2.185209060523441e-05
914,2022-07-10,2.1898387914331963e-05
915,2022-07-11,2.1944685225427918e-05
916,2022-07-12,2.263914515054921e-05
917,2022-07-13,2.472252781893225e-05
918,2022-07-14,2.7639270846480102e-05
919,2022-07-15,2.7500378128486602e-05
920,2022-07-16,2.7407782993815744e-05
921,2022-07-17,2.7315187867804624e-05
922,2022-07-18,2.72225927502312e-05
923,2022-07-19,2.680591482762118e-05
924,2022-07-20,2.666702222531292e-05
925,2022-07-21,2.9861556958499236e-05
926,2022-07-22,2.9861556958499236e-05
927,2022-07-23,2.9815259280807638e-05
928,2022-07-24,2.9768961605336486e-05
929,2022-07-25,2.9722663931863735e-05
930,2022-07-26,3.013934306972388e-05
931,2022-07-27,2.9722663931863735e-05
932,2022-07-28,3.05560223812229e-05
933,2022-07-29,3.083380868540431e-05
934,2022-07-30,3.083380868540431e-05
935,2022-07-31,3.083380868540431e-05
936,2022-08-01,3.083380868540431e-05
937,2022-08-02,3.083380868540431e-05
938,2022-08-03,3.05560223812229e-05
939,2022-08-04,3.0417129258220044e-05
940,2022-08-05,3.069491552376569e-05
941,2022-08-06,3.0787510962637654e-05
942,2022-08-07,3.0880106410391406e-05
943,2022-08-08,3.097270186636081e-05
944,2022-08-09,3.097270186636081e-05
945,2022-08-10,3.1111595066857234e-05
946,2022-08-11,3.1111595066857234e-05
947,2022-08-12,3.097270186636081e-05
948,2022-08-13,3.1157892804500875e-05
949,2022-08-14,3.134308377683581e-05
950,2022-08-15,3.152827478336562e-05
951,2022-08-16,3.1389381525137594e-05
952,2022-08-17,3.083380868540431e-05
953,2022-08-18,3.097270186636081e-05
954,2022-08-19,3.097270186636081e-05
955,2022-08-20,3.1157892804500875e-05
956,2022-08-21,3.134308377683581e-05
957,2022-08-22,3.152827478336562e-05
958,2022-08-23,3.166716806091152e-05
959,2022-08-24,3.180606135755326e-05
960,2022-08-25,3.361167597093484e-05
961,2022-08-26,3.319499538601001e-05
962,2022-08-27,3.3472782423382696e-05
963,2022-08-28,3.375056953758282e-05
964,2022-08-29,3.402835672927651e-05
965,2022-08-30,3.375056953758282e-05
966,2022-08-31,3.3333888895148434e-05
967,2022-09-01,3.5139506266768095e-05
968,2022-09-02,3.458393134359028e-05
969,2022-09-03,3.4468186606906315e-05
970,2022-09-04,3.4352441883545026e-05
971,2022-09-05,3.4236697173506414e-05
972,2022-09-06,3.3889463123770724e-05
973,2022-09-07,3.1944954673734927e-05
974,2022-09-08,3.5695081498809955e-05
975,2022-09-09,3.5695081498809955e-05
976,2022-09-10,3.5926571269717655e-05
977,2022-09-11,3.615806109436015e-05
978,2022-09-12,3.6389550972515394e-05
979,2022-09-13,3.5417293844153264e-05
980,2022-09-14,3.527840004591276e-05
981,2022-09-15,3.8334068064971305e-05
982,2022-09-16,3.722291497765262e-05
983,2022-09-17,3.6945126898890734e-05
984,2022-09-18,3.6667338897178325e-05
985,2022-09-19,3.6389550972515394e-05
986,2022-09-20,3.5695081498809955e-05
987,2022-09-21,3.597286923029408e-05
988,2022-09-22,3.791738551250923e-05
989,2022-09-23,3.708402092872376e-05
990,2022-09-24,3.736180904612141e-05
991,2022-09-25,3.763959724079058e-05
992,2022-09-26,3.791738551250923e-05
993,2022-09-27,3.763959724079058e-05
994,2022-09-28,3.65284449250769e-05
995,2022-09-29,3.8611856529646715e-05
996,2022-09-30,3.875075079085022e-05
997,2022-10-01,3.912113558213193e-05
998,2022-10-02,3.949152051041516e-05
999,2022-10-03,3.986190557569991e-05
1000,2022-10-04,4.0417483431198775e-05
1001,2022-10-05,4.01396944649246e-05
1002,2022-10-06,4.236200835561199e-05
1003,2022-10-07,4.208421884932534e-05
1004,2022-10-08,4.2176815342687135e-05
1005,2022-10-09,4.2269411844930715e-05
1006,2022-10-10,4.236200835561199e-05
1007,2022-10-11,4.2639797939170165e-05
1008,2022-10-12,4.2639797939170165e-05
1009,2022-10-13,4.652886021161429e-05
1010,2022-10-14,4.583438369665238e-05
1011,2022-10-15,4.583438369665238e-05
1012,2022-10-16,4.583438369665238e-05
1013,2022-10-17,4.583438369665238e-05
1014,2022-10-18,4.513990766397136e-05
1015,2022-10-19,4.597327896105341e-05
1016,2022-10-20,4.972345839249215e-05
1017,2022-10-21,4.9306771094492774e-05
1018,2022-10-22,4.939936825665292e-05
1019,2022-10-23,4.949196542769485e-05
1020,2022-10-24,4.9584562607174476e-05
1021,2022-10-25,4.9445666841174685e-05
1022,2022-10-26,4.9167875367128744e-05
1023,2022-10-27,5.222358582623876e-05
1024,2022-10-28,5.208468969364333e-05
1025,2022-10-29,5.199209228279322e-05
1026,2022-10-30,5.1899494880380814e-05
1027,2022-10-31,5.1806897486628145e-05
1028,2022-11-01,5.166800141198635e-05
1029,2022-11-02,5.1390209320434366e-05
1030,2022-11-03,5.208468969364333e-05
1031,2022-11-04,5.1806897486628145e-05
1032,2022-11-05,5.2038390987219074e-05
1033,2022-11-06,5.226988454132275e-05
1034,2022-11-07,5.2501378149161226e-05
1035,2022-11-08,5.083462536914496e-05
1036,2022-11-09,5.0695729429506287e-05
1037,2022-11-10,5.15291053564404e-05
1038,2022-11-11,5.1598553381770884e-05
1039,2022-11-12,5.1621702724657936e-05
1040,2022-11-13,5.164485206798908e-05
1041,2022-11-14,5.166800141198635e-05
1042,2022-11-15,5.236248197793003e-05
1043,2022-11-16,5.291806677809596e-05
1044,2022-11-17,5.4584823030667806e-05
1045,2022-11-18,5.4584823030667806e-05
1046,2022-11-19,5.4770018341310234e-05
1047,2022-11-20,5.495521368614753e-05
1048,2022-11-21,5.514040906540174e-05
1049,2022-11-22,5.514040906540174e-05
1050,2022-11-23,5.722385944473274e-05
1051,2022-11-24,5.750165315676625e-05
1052,2022-11-25,5.77794469456272e-05
1053,2022-11-26,5.754795211609931e-05
1054,2022-11-27,5.731645734008417e-05
1055,2022-11-28,5.7084962617803825e-05
1056,2022-11-29,5.666827225248028e-05
1057,2022-11-30,5.652937550282289e-05
1058,2022-12-01,5.611268536886982e-05
1059,2022-12-02,5.4307030128875056e-05
1060,2022-12-03,5.439962775422025e-05
1061,2022-12-04,5.449222538822518e-05
1062,2022-12-05,5.4584823030667806e-05
1063,2022-12-06,5.375144455710412e-05
1064,2022-12-07,5.264027433948826e-05
1065,2022-12-08,5.208468969364333e-05
1066,2022-12-09,5.291806677809596e-05
1067,2022-12-10,5.314956053603659e-05
1068,2022-12-11,5.3381054347489965e-05
1069,2022-12-12,5.361254821245609e-05
1070,2022-12-13,5.402923730435383e-05
1071,2022-12-14,5.4307030128875056e-05
1072,2022-12-15,5.486261600928799e-05
1073,2022-12-16,5.472371951031896e-05
1074,2022-12-17,5.4770018341310234e-05
1075,2022-12-18,5.481631717429991e-05
1076,2022-12-19,5.486261600928799e-05
1077,2022-12-20,5.402923730435383e-05
1078,2022-12-21,5.41681337069555e-05
1079,2022-12-22,5.277917054913317e-05
1080,2022-12-23,5.277917054913317e-05
1081,2022-12-24,5.294121615162517e-05
1082,2022-12-25,5.310326178009639e-05
1083,2022-12-26,5.3265307434990916e-05
1084,2022-12-27,5.375144455710412e-05
1085,2022-12-28,5.361254821245609e-05
1086,2022-12-29,5.611268536886982e-05
1087,2022-12-30,5.722385944473274e-05
1088,2022-12-31,5.733960681530981e-05
1089,2023-01-01,5.7455354199431596e-05
1090,2023-01-02,5.757110159665402e-05
1091,2023-01-03,5.7918343869145517e-05
1092,2023-01-04,5.8335034755385706e-05
1093,2023-01-05,5.972400562970215e-05
1094,2023-01-06,6.000180003606914e-05
1095,2023-01-07,6.023329543358713e-05
1096,2023-01-08,6.0464790884839914e-05
1097,2023-01-09,6.069628638960545e-05
1098,2023-01-10,6.125187581962344e-05
1099,2023-01-11,6.139077322520059e-05
1100,2023-01-12,6.347423662633744e-05
1101,2023-01-13,6.361313434077864e-05
1102,2023-01-14,6.365943358321857e-05
1103,2023-01-15,6.37057328276569e-05
1104,2023-01-16,6.375203207453772e-05
1105,2023-01-17,6.389092982739264e-05
1106,2023-01-18,6.375203207453772e-05
1107,2023-01-19,6.514101047239151e-05
1108,2023-01-20,6.514101047239151e-05
1109,2023-01-21,6.514101047239151e-05
1110,2023-01-22,6.514101047239151e-05
1111,2023-01-23,6.514101047239151e-05
1112,2023-01-24,6.527990841820319e-05
1113,2023-01-25,6.486321463849976e-05
1114,2023-01-26,6.402982759978748e-05
1115,2023-01-27,6.402982759978748e-05
1116,2023-01-28,6.398352834002807e-05
1117,2023-01-29,6.393722908271116e-05
1118,2023-01-30,6.389092982739264e-05
1119,2023-01-31,6.361313434077864e-05
1120,2023-02-01,6.375203207453772e-05
1121,2023-02-02,6.416872539127816e-05
1122,2023-02-03,6.402982759978748e-05
1123,2023-02-04,6.402982759978748e-05
1124,2023-02-05,6.402982759978748e-05
1125,2023-02-06,6.402982759978748e-05
1126,2023-02-07,6.416872539127816e-05
1127,2023-02-08,6.444652103221316e-05
1128,2023-02-09,6.472431675041967e-05
1129,2023-02-10,6.472431675041967e-05
1130,2023-02-11,6.472431675041967e-05
1131,2023-02-12,6.472431675041967e-05
1132,2023-02-13,6.472431675041967e-05
1133,2023-02-14,6.430762320208672e-05
1134,2023-02-15,6.444652103221316e-05
1135,2023-02-16,6.472431675041967e-05
1136,2023-02-17,6.444652103221316e-05
1137,2023-02-18,6.442337139267451e-05
1138,2023-02-19,6.440022175335791e-05
1139,2023-02-20,6.437707211470745e-05
1140,2023-02-21,6.430762320208672e-05
1141,2023-02-22,6.416872539127816e-05
1142,2023-02-23,6.472431675041967e-05
1143,2023-02-24,6.500211254567567e-05
1144,2023-02-25,6.49558132412853e-05
1145,2023-02-26,6.490951393867128e-05
1146,2023-02-27,6.486321463849976e-05
1147,2023-02-28,6.458541888165747e-05
1148,2023-03-01,6.486321463849976e-05
1149,2023-03-02,6.597439843702979e-05
1150,2023-03-03,6.597439843702979e-05
1151,2023-03-04,6.597439843702979e-05
1152,2023-03-05,6.597439843702979e-05
1153,2023-03-06,6.597439843702979e-05
1154,2023-03-07,6.666888893835932e-05
1155,2023-03-08,6.62521945797856e-05
1156,2023-03-09,6.708558347034987e-05
1157,2023-03-10,6.680778709644564e-05
1158,2023-03-11,6.592809908756436e-05
1159,2023-03-12,6.504841185250854e-05
1160,2023-03-13,6.416872539127816e-05
1161,2023-03-14,6.208526054329866e-05
1162,2023-03-15,5.875172581504273e-05
1163,2023-03-16,5.8612828775839176e-05
1164,2023-03-17,5.9862902823226705e-05
1165,2023-03-18,6.000180003606914e-05
1166,2023-03-19,6.0140697268007415e-05
1167,2023-03-20,6.027959451948561e-05
1168,2023-03-21,5.652937550282289e-05
1169,2023-03-22,5.77794469456272e-05
1170,2023-03-23,5.916841704833864e-05
1171,2023-03-24,5.944621130038463e-05
1172,2023-03-25,5.916841704833864e-05
1173,2023-03-26,5.889062287356417e-05
1174,2023-03-27,5.8612828775839176e-05
1175,2023-03-28,5.889062287356417e-05
1176,2023-03-29,6.027959451948561e-05
1177,2023-03-30,6.583550039485075e-05
1178,2023-03-31,6.583550039485075e-05
1179,2023-04-01,6.565030303495867e-05
1180,2023-04-02,6.54651057094835e-05
1181,2023-04-03,6.527990841820319e-05
1182,2023-04-04,6.472431675041967e-05
1183,2023-04-05,6.416872539127816e-05
1184,2023-04-06,6.347423662633744e-05
1185,2023-04-07,6.333533893121412e-05
1186,2023-04-08,6.319644125540869e-05
1187,2023-04-09,6.305754359892113e-05
1188,2023-04-10,6.291864596175145e-05
1189,2023-04-11,5.930731416481372e-05
1190,2023-04-12,5.930731416481372e-05
1191,2023-04-13,5.666827225248028e-05
1192,2023-04-14,5.958510845549547e-05
1193,2023-04-15,5.865912778668658e-05
1194,2023-04-16,5.7733147975636e-05
1195,2023-04-17,5.6807169021677595e-05
1196,2023-04-18,5.402923730435383e-05
1197,2023-04-19,5.486261600928799e-05
1198,2023-04-20,4.7223337208857075e-05
1199,2023-04-21,4.666775557260472e-05
1200,2023-04-22,4.7501128142890536e-05
1201,2023-04-23,4.833450140773188e-05
1202,2023-04-24,4.9167875367128744e-05
1203,2023-04-25,5.7084962617803825e-05
1204,2023-04-26,5.4307030128875056e-05
1205,2023-04-27,5.930731416481372e-05
1206,2023-04-28,6.041849179028169e-05
1207,2023-04-29,6.106667930860787e-05
1208,2023-04-30,6.171486724704245e-05
1209,2023-05-01,6.236305560558542e-05
1210,2023-05-02,6.333533893121412e-05
1211,2023-05-03,6.527990841820319e-05
1212,2023-05-04,8.000320008538786e-05
1213,2023-05-05,7.764190286541073e-05
1214,2023-05-06,7.727150380731906e-05
1215,2023-05-07,7.690110488645097e-05
1216,2023-05-08,7.653070610280643e-05
1217,2023-05-09,7.722520393471655e-05
1218,2023-05-10,7.639180659424483e-05
1219,2023-05-11,8.069770032870238e-05
1220,2023-05-12,8.041990017337852e-05
1221,2023-05-13,7.972540012302076e-05
1222,2023-05-14,7.903090055494388e-05
1223,2023-05-15,7.833640146892584e-05
1224,2023-05-16,7.750300320252812e-05
1225,2023-05-17,7.639180659424483e-05
1226,2023-05-18,7.764190286541073e-05
1227,2023-05-19,7.805860196974379e-05
1228,2023-05-20,7.838270139304271e-05
1229,2023-05-21,7.870680092136872e-05
1230,2023-05-22,7.903090055494388e-05
1231,2023-05-23,7.875310086258303e-05
1232,2023-05-24,7.958650017081403e-05
1233,2023-05-25,8.264230357601932e-05
1234,2023-05-26,8.361460661743259e-05
1235,2023-05-27,8.197095202744364e-05
1236,2023-05-28,8.032730013884937e-05
1237,2023-05-29,7.868365095164975e-05
1238,2023-05-30,7.375271959819685e-05
1239,2023-05-31,7.333602228798419e-05
1240,2023-06-01,7.361382047532672e-05
1241,2023-06-02,7.333602228798419e-05
1242,2023-06-03,7.31971232230677e-05
1243,2023-06-04,7.305822417769114e-05
1244,2023-06-05,7.291932515141042e-05
1245,2023-06-06,7.153033595019842e-05
1246,2023-06-07,7.041914597838428e-05
1247,2023-06-08,7.291932515141042e-05
1248,2023-06-09,7.291932515141042e-05
1249,2023-06-10,7.287302548020236e-05
1250,2023-06-11,7.282672581143679e-05
1251,2023-06-12,7.278042614444757e-05
1252,2023-06-13,7.208593139917951e-05
1253,2023-06-14,7.194703250812395e-05
1254,2023-06-15,7.194703250812395e-05
1255,2023-06-16,7.194703250812395e-05
1256,2023-06-17,7.192388269472438e-05
1257,2023-06-18,7.190073288199095e-05
1258,2023-06-19,7.18775830697016e-05
1259,2023-06-20,7.180813363616423e-05
1260,2023-06-21,7.166923478352238e-05
1261,2023-06-22,7.194703250812395e-05
1262,2023-06-23,7.180813363616423e-05
1263,2023-06-24,7.180813363616423e-05
1264,2023-06-25,7.180813363616423e-05
1265,2023-06-26,7.180813363616423e-05
1266,2023-06-27,7.180813363616423e-05
1267,2023-06-28,7.180813363616423e-05
1268,2023-06-29,7.291932515141042e-05
1269,2023-06-30,7.278042614444757e-05
1270,2023-07-01,7.291932515141042e-05
1271,2023-07-02,7.305822417769114e-05
1272,2023-07-03,7.31971232230677e-05
1273,2023-07-04,7.326657275319448e-05
1274,2023-07-05,7.333602228798419e-05
1275,2023-07-06,7.389161874016281e-05
1276,2023-07-07,7.389161874016281e-05
1277,2023-07-08,7.398421817872425e-05
1278,2023-07-09,7.407681762594542e-05
1279,2023-07-10,7.416941708182634e-05
1280,2023-07-11,7.430831628174595e-05
1281,2023-07-12,7.444721550076139e-05
1282,2023-07-13,7.458611473931676e-05
1283,2023-07-14,7.458611473931676e-05
1284,2023-07-15,7.458611473931676e-05
1285,2023-07-16,7.458611473931676e-05
1286,2023-07-17,7.458611473931676e-05
1287,2023-07-18,7.458611473931676e-05
1288,2023-07-19,7.458611473931676e-05
1289,2023-07-20,7.555840994832863e-05
1290,2023-07-21,7.541951057499219e-05
1291,2023-07-22,7.546581036388389e-05
1292,2023-07-23,7.551211015521808e-05
1293,2023-07-24,7.555840994832863e-05
1294,2023-07-25,7.58362087531772e-05
1295,2023-07-26,7.58362087531772e-05
1296,2023-07-27,7.597510818468933e-05
1297,2023-07-28,7.597510818468933e-05
1298,2023-07-29,7.602140799933821e-05
1299,2023-07-30,7.606770781620753e-05
1300,2023-07-31,7.61140076352973e-05
1301,2023-08-01,7.625290710522314e-05
1302,2023-08-02,7.61140076352973e-05
1303,2023-08-03,7.69474047441765e-05
1304,2023-08-04,7.69474047441765e-05
1305,2023-08-05,7.69474047441765e-05
1306,2023-08-06,7.69474047441765e-05
1307,2023-08-07,7.69474047441765e-05
1308,2023-08-08,7.69474047441765e-05
1309,2023-08-09,7.653070610280643e-05
1310,2023-08-10,7.708630432978758e-05
1311,2023-08-11,7.69474047441765e-05
1312,2023-08-12,7.699370460390043e-05
1313,2023-08-13,7.70400044658448e-05
1314,2023-08-14,7.708630432978758e-05
1315,2023-08-15,7.680850517766125e-05
1316,2023-08-16,7.666960563068592e-05
1317,2023-08-17,7.708630432978758e-05
1318,2023-08-18,7.680850517766125e-05
1319,2023-08-19,7.690110488645097e-05
1320,2023-08-20,7.699370460390043e-05
1321,2023-08-21,7.708630432978758e-05
1322,2023-08-22,7.69474047441765e-05
1323,2023-08-23,7.69474047441765e-05
1324,2023-08-24,7.708630432978758e-05
1325,2023-08-25,7.722520393471655e-05
1326,2023-08-26,7.722520393471655e-05
1327,2023-08-27,7.722520393471655e-05
1328,2023-08-28,7.722520393471655e-05
1329,2023-08-29,7.69474047441765e-05
1330,2023-08-30,7.708630432978758e-05
1331,2023-08-31,7.666960563068592e-05
1332,2023-09-01,7.653070610280643e-05
1333,2023-09-02,7.653070610280643e-05
1334,2023-09-03,7.653070610280643e-05
1335,2023-09-04,7.653070610280643e-05
1336,2023-09-05,7.653070610280643e-05
1337,2023-09-06,7.666960563068592e-05
1338,2023-09-07,7.666960563068592e-05
1339,2023-09-08,7.666960563068592e-05
1340,2023-09-09,7.666960563068592e-05
1341,2023-09-10,7.666960563068592e-05
1342,2023-09-11,7.666960563068592e-05
1343,2023-09-12,7.666960563068592e-05
1344,2023-09-13,7.680850517766125e-05
1345,2023-09-14,7.666960563068592e-05
1346,2023-09-15,7.653070610280643e-05
1347,2023-09-16,7.662330578583898e-05
1348,2023-09-17,7.671590547753127e-05
1349,2023-09-18,7.680850517766125e-05
1350,2023-09-19,7.680850517766125e-05
1351,2023-09-20,7.680850517766125e-05
1352,2023-09-21,7.666960563068592e-05
1353,2023-09-22,7.666960563068592e-05
1354,2023-09-23,7.676220532659705e-05
1355,2023-09-24,7.685480503116793e-05
1356,2023-09-25,7.69474047441765e-05
1357,2023-09-26,7.69474047441765e-05
1358,2023-09-27,7.69474047441765e-05
1359,2023-09-28,7.722520393471655e-05
1360,2023-09-29,7.708630432978758e-05
1361,2023-09-30,7.71326041959508e-05
1362,2023-10-01,7.717890406433447e-05
1363,2023-10-02,7.722520393471655e-05
1364,2023-10-03,7.708630432978758e-05
1365,2023-10-04,7.722520393471655e-05
1366,2023-10-05,7.736410355896339e-05
1367,2023-10-06,7.764190286541073e-05
1368,2023-10-07,7.766505281114888e-05
1369,2023-10-08,7.768820275733113e-05
1370,2023-10-09,7.77113527041795e-05
1371,2023-10-10,7.778080254761122e-05
1372,2023-10-11,7.750300320252812e-05
1373,2023-10-12,7.791970224890754e-05
1374,2023-10-13,7.778080254761122e-05
1375,2023-10-14,7.764190286541073e-05
1376,2023-10-15,7.750300320252812e-05
1377,2023-10-16,7.736410355896339e-05
1378,2023-10-17,7.750300320252812e-05
1379,2023-10-18,7.736410355896339e-05
1380,2023-10-19,7.750300320252812e-05
1381,2023-10-20,7.722520393471655e-05
1382,2023-10-21,7.727150380731906e-05
1383,2023-10-22,7.731780368214203e-05
1384,2023-10-23,7.736410355896339e-05
1385,2023-10-24,7.736410355896339e-05
1386,2023-10-25,7.722520393471655e-05
1387,2023-10-26,7.736410355896339e-05
1388,2023-10-27,7.736410355896339e-05
1389,2023-10-28,7.731780368214203e-05
1390,2023-10-29,7.727150380731906e-05
1391,2023-10-30,7.722520393471655e-05
1392,2023-10-31,7.722520393471655e-05
1393,2023-11-01,7.722520393471655e-05
1394,2023-11-02,7.666960563068592e-05
1395,2023-11-03,7.680850517766125e-05
1396,2023-11-04,7.680850517766125e-05
1397,2023-11-05,7.680850517766125e-05
1398,2023-11-06,7.680850517766125e-05
1399,2023-11-07,7.680850517766125e-05
1400,2023-11-08,7.666960563068592e-05
1401,2023-11-09,7.680850517766125e-05
1402,2023-11-10,7.680850517766125e-05
1403,2023-11-11,7.680850517766125e-05
1404,2023-11-12,7.680850517766125e-05
1405,2023-11-13,7.680850517766125e-05
1406,2023-11-14,7.666960563068592e-05
1407,2023-11-15,7.666960563068592e-05
1408,2023-11-16,7.680850517766125e-05
1409,2023-11-17,7.666960563068592e-05
1410,2023-11-18,7.671590547753127e-05
1411,2023-11-19,7.676220532659705e-05
1412,2023-11-20,7.680850517766125e-05
1413,2023-11-21,7.666960563068592e-05
1414,2023-11-22,7.69474047441765e-05
1415,2023-11-23,7.701685453453955e-05
1416,2023-11-24,7.708630432978758e-05
1417,2023-11-25,7.70400044658448e-05
1418,2023-11-26,7.699370460390043e-05
1419,2023-11-27,7.69474047441765e-05
1420,2023-11-28,7.680850517766125e-05
1421,2023-11-29,7.680850517766125e-05
1422,2023-11-30,7.722520393471655e-05
1423,2023-12-01,7.708630432978758e-05
1424,2023-12-02,7.708630432978758e-05
1425,2023-12-03,7.708630432978758e-05
1426,2023-12-04,7.708630432978758e-05
1427,2023-12-05,7.69474047441765e-05
1428,2023-12-06,7.69474047441765e-05
1429,2023-12-07,7.680850517766125e-05
1430,2023-12-08,7.69474047441765e-05
1431,2023-12-09,7.699370460390043e-05
1432,2023-12-10,7.70400044658448e-05
1433,2023-12-11,7.708630432978758e-05
1434,2023-12-12,7.680850517766125e-05
1435,2023-12-13,7.666960563068592e-05
1436,2023-12-14,7.69474047441765e-05
1437,2023-12-15,7.69474047441765e-05
1438,2023-12-16,7.685480503116793e-05
1439,2023-12-17,7.676220532659705e-05
1440,2023-12-18,7.666960563068592e-05
1441,2023-12-19,7.653070610280643e-05
1442,2023-12-20,7.639180659424483e-05
1443,2023-12-21,7.69474047441765e-05
1444,2023-12-22,7.69474047441765e-05
1445,2023-12-23,7.692425481509169e-05
1446,2023-12-24,7.690110488645097e-05
1447,2023-12-25,7.687795495847638e-05
1448,2023-12-26,7.680850517766125e-05
1449,2023-12-27,7.708630432978758e-05
1450,2023-12-28,7.736410355896339e-05
1451,2023-12-29,7.778080254761122e-05
1452,2023-12-30,7.766505281114888e-05
1453,2023-12-31,7.754930308800922e-05
1454,2024-01-01,7.743355337841429e-05
1455,2024-01-02,7.708630432978758e-05
1456,2024-01-03,7.69474047441765e-05
1457,2024-01-04,7.722520393471655e-05
1458,2024-01-05,7.69474047441765e-05
1459,2024-01-06,7.69474047441765e-05
1460,2024-01-07,7.69474047441765e-05
1461,2024-01-08,7.69474047441765e-05
1462,2024-01-09,7.680850517766125e-05
1463,2024-01-10,7.680850517766125e-05
1464,2024-01-11,7.69474047441765e-05
1465,2024-01-12,7.708630432978758e-05
1466,2024-01-13,7.706315439759415e-05
1467,2024-01-14,7.70400044658448e-05
1468,2024-01-15,7.701685453453955e-05
1469,2024-01-16,7.69474047441765e-05
1470,2024-01-17,7.69474047441765e-05
1471,2024-01-18,7.680850517766125e-05
1472,2024-01-19,7.69474047441765e-05
1473,2024-01-20,7.690110488645097e-05
1474,2024-01-21,7.685480503116793e-05
1475,2024-01-22,7.680850517766125e-05
1476,2024-01-23,7.680850517766125e-05
1477,2024-01-24,7.666960563068592e-05
1478,2024-01-25,7.69474047441765e-05
1479,2024-01-26,7.69474047441765e-05
1480,2024-01-27,7.690110488645097e-05
1481,2024-01-28,7.685480503116793e-05
1482,2024-01-29,7.680850517766125e-05
1483,2024-01-30,7.680850517766125e-05
1484,2024-01-31,7.680850517766125e-05
1485,2024-02-01,7.625290710522314e-05
1486,2024-02-02,7.625290710522314e-05
1487,2024-02-03,7.625290710522314e-05
1488,2024-02-04,7.625290710522314e-05
1489,2024-02-05,7.625290710522314e-05
1490,2024-02-06,7.61140076352973e-05
1491,2024-02-07,7.597510818468933e-05
1492,2024-02-08,7.625290710522314e-05
1493,2024-02-09,7.625290710522314e-05
1494,2024-02-10,7.625290710522314e-05
1495,2024-02-11,7.625290710522314e-05
1496,2024-02-12,7.625290710522314e-05
1497,2024-02-13,7.61140076352973e-05
1498,2024-02-14,7.61140076352973e-05
1499,2024-02-15,7.625290710522314e-05
1500,2024-02-16,7.61140076352973e-05
1501,2024-02-17,7.613715754550832e-05
1502,2024-02-18,7.616030745638547e-05
1503,2024-02-19,7.618345736770671e-05
1504,2024-02-20,7.625290710522314e-05
1505,2024-02-21,7.639180659424483e-05
1506,2024-02-22,7.625290710522314e-05
1507,2024-02-23,7.625290710522314e-05
1508,2024-02-24,7.629920693275061e-05
1509,2024-02-25,7.634550676249852e-05
1510,2024-02-26,7.639180659424483e-05
1511,2024-02-27,7.639180659424483e-05
1512,2024-02-28,7.639180659424483e-05
1513,2024-02-29,7.680850517766125e-05
1514,2024-03-01,7.69474047441765e-05
1515,2024-03-02,7.680850517766125e-05
1516,2024-03-03,7.666960563068592e-05
1517,2024-03-04,7.653070610280643e-05
1518,2024-03-05,7.639180659424483e-05
1519,2024-03-06,7.639180659424483e-05
1520,2024-03-07,7.653070610280643e-05
1521,2024-03-08,7.653070610280643e-05
1522,2024-03-09,7.648440626462083e-05
1523,2024-03-10,7.643810642843363e-05
1524,2024-03-11,7.639180659424483e-05
1525,2024-03-12,7.666960563068592e-05
1526,2024-03-13,7.666960563068592e-05
1527,2024-03-14,7.666960563068592e-05
1528,2024-03-15,7.666960563068592e-05
1529,2024-03-16,7.666960563068592e-05
1530,2024-03-17,7.666960563068592e-05
1531,2024-03-18,7.666960563068592e-05
1532,2024-03-19,7.666960563068592e-05
1533,2024-03-20,7.639180659424483e-05
1534,2024-03-21,7.653070610280643e-05
1535,2024-03-22,7.653070610280643e-05
1536,2024-03-23,7.653070610280643e-05
1537,2024-03-24,7.653070610280643e-05
1538,2024-03-25,7.653070610280643e-05
1539,2024-03-26,7.639180659424483e-05
1540,2024-03-27,7.639180659424483e-05
1541,2024-03-28,7.625290710522314e-05
1542,2024-03-29,7.625290710522314e-05
1543,2024-03-30,7.625290710522314e-05
1544,2024-03-31,7.625290710522314e-05
1545,2024-04-01,7.625290710522314e-05
1546,2024-04-02,7.625290710522314e-05
1547,2024-04-03,7.597510818468933e-05
1548,2024-04-04,7.597510818468933e-05
1549,2024-04-05,7.597510818468933e-05
1550,2024-04-06,7.602140799933821e-05
1551,2024-04-07,7.606770781620753e-05
1552,2024-04-08,7.61140076352973e-05
1553,2024-04-09,7.61140076352973e-05
1554,2024-04-10,7.625290710522314e-05
1555,2024-04-11,7.61140076352973e-05
1556,2024-04-12,7.61140076352973e-05
1557,2024-04-13,7.616030745638547e-05
1558,2024-04-14,7.620660727969408e-05
1559,2024-04-15,7.625290710522314e-05
1560,2024-04-16,7.625290710522314e-05
1561,2024-04-17,7.625290710522314e-05
1562,2024-04-18,7.625290710522314e-05
1563,2024-04-19,7.625290710522314e-05
1564,2024-04-20,7.625290710522314e-05
1565,2024-04-21,7.625290710522314e-05
1566,2024-04-22,7.625290710522314e-05
1567,2024-04-23,7.625290710522314e-05
1568,2024-04-24,7.625290710522314e-05
1569,2024-04-25,7.61140076352973e-05
1570,2024-04-26,7.61140076352973e-05
1571,2024-04-27,7.61140076352973e-05
1572,2024-04-28,7.61140076352973e-05
1573,2024-04-29,7.61140076352973e-05
1574,2024-04-30,7.61140076352973e-05
1575,2024-05-01,7.597510818468933e-05
1576,2024-05-02,7.653070610280643e-05
1577,2024-05-03,7.653070610280643e-05
1578,2024-05-04,7.653070610280643e-05
1579,2024-05-05,7.653070610280643e-05
1580,2024-05-06,7.653070610280643e-05
1581,2024-05-07,7.653070610280643e-05
1582,2024-05-08,7.653070610280643e-05
1583,2024-05-09,7.653070610280643e-05
1584,2024-05-10,7.653070610280643e-05
1585,2024-05-11,7.648440626462083e-05
1586,2024-05-12,7.643810642843363e-05
1587,2024-05-13,7.639180659424483e-05
1588,2024-05-14,7.639180659424483e-05
1589,2024-05-15,7.625290710522314e-05
1590,2024-05-16,7.653070610280643e-05
1591,2024-05-17,7.639180659424483e-05
1592,2024-05-18,7.639180659424483e-05
1593,2024-05-19,7.639180659424483e-05
1594,2024-05-20,7.639180659424483e-05
1595,2024-05-21,7.639180659424483e-05
1596,2024-05-22,7.625290710522314e-05
1597,2024-05-23,7.653070610280643e-05
1598,2024-05-24,7.722520393471655e-05
1599,2024-05-25,7.708630432978758e-05
1600,2024-05-26,7.69474047441765e-05
1601,2024-05-27,7.680850517766125e-05
1602,2024-05-28,7.639180659424483e-05
1603,2024-05-29,7.639180659424483e-05
1604,2024-05-30,7.61140076352973e-05
1605,2024-05-31,7.61140076352973e-05
1606,2024-06-01,7.616030745638547e-05
1607,2024-06-02,7.620660727969408e-05
1608,2024-06-03,7.625290710522314e-05
1609,2024-06-04,7.61140076352973e-05
1610,2024-06-05,7.61140076352973e-05
1611,2024-06-06,7.61140076352973e-05
1612,2024-06-07,7.597510818468933e-05
1613,2024-06-08,7.597510818468933e-05
1614,2024-06-09,7.597510818468933e-05
1615,2024-06-10,7.597510818468933e-05
1616,2024-06-11,7.58362087531772e-05
1617,2024-06-12,7.597510818468933e-05
1618,2024-06-13,7.597510818468933e-05
1619,2024-06-14,7.597510818468933e-05
1620,2024-06-15,7.588250856160883e-05
1621,2024-06-16,7.578990894718807e-05
1622,2024-06-17,7.5697309341205e-05
1623,2024-06-18,7.500281257022401e-05
1624,2024-06-19,7.514171188582885e-05
1625,2024-06-20,7.528061122075158e-05
1626,2024-06-21,7.528061122075158e-05
1627,2024-06-22,7.528061122075158e-05
1628,2024-06-23,7.528061122075158e-05
1629,2024-06-24,7.528061122075158e-05
1630,2024-06-25,7.541951057499219e-05
1631,2024-06-26,7.555840994832863e-05
1632,2024-06-27,7.61140076352973e-05
1633,2024-06-28,7.597510818468933e-05
1634,2024-06-29,7.602140799933821e-05
1635,2024-06-30,7.606770781620753e-05
1636,2024-07-01,7.61140076352973e-05
1637,2024-07-02,7.61140076352973e-05
1638,2024-07-03,7.625290710522314e-05
1639,2024-07-04,7.618345736770671e-05
1640,2024-07-05,7.61140076352973e-05
1641,2024-07-06,7.61140076352973e-05
1642,2024-07-07,7.61140076352973e-05
1643,2024-07-08,7.61140076352973e-05
1644,2024-07-09,7.5697309341205e-05
1645,2024-07-10,7.58362087531772e-05
1646,2024-07-11,7.61140076352973e-05
1647,2024-07-12,7.597510818468933e-05
1648,2024-07-13,7.602140799933821e-05
1649,2024-07-14,7.606770781620753e-05
1650,2024-07-15,7.61140076352973e-05
1651,2024-07-16,7.61140076352973e-05
1652,2024-07-17,7.597510818468933e-05
1653,2024-07-18,7.61140076352973e-05
1654,2024-07-19,7.61140076352973e-05
1655,2024-07-20,7.616030745638547e-05
1656,2024-07-21,7.620660727969408e-05
1657,2024-07-22,7.625290710522314e-05
1658,2024-07-23,7.625290710522314e-05
1659,2024-07-24,7.639180659424483e-05
1660,2024-07-25,7.625290710522314e-05
1661,2024-07-26,7.625290710522314e-05
1662,2024-07-27,7.629920693275061e-05
1663,2024-07-28,7.634550676249852e-05
1664,2024-07-29,7.639180659424483e-05
1665,2024-07-30,7.639180659424483e-05
1666,2024-07-31,7.625290710522314e-05
1667,2024-08-01,7.708630432978758e-05
1668,2024-08-02,7.69474047441765e-05
1669,2024-08-03,7.685480503116793e-05
1670,2024-08-04,7.676220532659705e-05
1671,2024-08-05,7.666960563068592e-05
1672,2024-08-06,7.639180659424483e-05
1673,2024-08-07,7.639180659424483e-05
1674,2024-08-08,7.708630432978758e-05
1675,2024-08-09,7.69474047441765e-05
1676,2024-08-10,7.690110488645097e-05
1677,2024-08-11,7.685480503116793e-05
1678,2024-08-12,7.680850517766125e-05
1679,2024-08-13,7.61140076352973e-05
1680,2024-08-14,7.625290710522314e-05
1681,2024-08-15,7.680850517766125e-05
1682,2024-08-16,7.680850517766125e-05
1683,2024-08-17,7.671590547753127e-05
1684,2024-08-18,7.662330578583898e-05
1685,2024-08-19,7.653070610280643e-05
1686,2024-08-20,7.61140076352973e-05
1687,2024-08-21,7.5697309341205e-05
1688,2024-08-22,7.653070610280643e-05
1689,2024-08-23,7.653070610280643e-05
1690,2024-08-24,7.643810642843363e-05
1691,2024-08-25,7.634550676249852e-05
1692,2024-08-26,7.625290710522314e-05
1693,2024-08-27,7.625290710522314e-05
1694,2024-08-28,7.597510818468933e-05
1695,2024-08-29,7.500281257022401e-05
1696,2024-08-30,7.514171188582885e-05
1697,2024-08-31,7.507226222580599e-05
1698,2024-09-01,7.500281257022401e-05
1699,2024-09-02,7.493336291974906e-05
1700,2024-09-03,7.472501399696796e-05
1701,2024-09-04,7.403051790122461e-05
1702,2024-09-05,7.361382047532672e-05
1703,2024-09-06,7.333602228798419e-05
1704,2024-09-07,7.31971232230677e-05
1705,2024-09-08,7.305822417769114e-05
1706,2024-09-09,7.291932515141042e-05
1707,2024-09-10,7.194703250812395e-05
1708,2024-09-11,7.236372923946632e-05
1709,2024-09-12,7.194703250812395e-05
1710,2024-09-13,7.153033595019842e-05
1711,2024-09-14,7.13451375358165e-05
1712,2024-09-15,7.11599391558515e-05
1713,2024-09-16,7.097474080985933e-05
1714,2024-09-17,7.0141348678332e-05
1715,2024-09-18,6.819676973846e-05
1716,2024-09-19,6.791897305569172e-05
1717,2024-09-20,6.764117645019496e-05
1718,2024-09-21,6.754857759871946e-05
1719,2024-09-22,6.74559787559037e-05
1720,2024-09-23,6.736337992174768e-05
1721,2024-09-24,6.639109267991827e-05
1722,2024-09-25,6.652999079936883e-05
1723,2024-09-26,6.805787138741692e-05
1724,2024-09-27,6.805787138741692e-05
1725,2024-09-28,6.819676973846e-05
1726,2024-09-29,6.833566810882097e-05
1727,2024-09-30,6.847456649827777e-05
1728,2024-10-01,6.889126178277749e-05
1729,2024-10-02,6.833566810882097e-05
1730,2024-10-03,6.930795724113814e-05
1731,2024-10-04,6.95857543095979e-05
1732,2024-10-05,6.953945479293289e-05
1733,2024-10-06,6.949315527826627e-05
1734,2024-10-07,6.944685576559806e-05
1735,2024-10-08,6.889126178277749e-05
1736,2024-10-09,6.847456649827777e-05
1737,2024-10-10,6.916905873577406e-05
1738,2024-10-11,6.903016024972786e-05
1739,2024-10-12,6.893756126968853e-05
1740,2024-10-13,6.884496229830894e-05
1741,2024-10-14,6.875236333536705e-05
1742,2024-10-15,6.847456649827777e-05
1743,2024-10-16,6.819676973846e-05
1744,2024-10-17,6.847456649827777e-05
1745,2024-10-18,6.833566810882097e-05
1746,2024-10-19,6.833566810882097e-05
1747,2024-10-20,6.833566810882097e-05
1748,2024-10-21,6.833566810882097e-05
1749,2024-10-22,6.791897305569172e-05
1750,2024-10-23,6.77800747432844e-05
1751,2024-10-24,6.764117645019496e-05
